Frequency_Hz,Primary_Turns_Np,Flux_Loss_Pct,Wire_Gauge_AWG,Peak_Current_A,Uncomp_Voltage_Peak_V,Resonant_Voltage_Peak_V,Capacitor_Value_F,Capacitor_Voltage_Peak_V
10000,100,95.0,20,0.2239167587903248,50.00066466941612,0.2578126905362659,7.127491800519169e-08,49.99999999999996
10000,100,95.0,24,0.2049078188194048,50.0035567666998,0.5963969488294333,6.522418448657361e-08,49.99999999999996
10000,100,95.0,28,0.1888100153850652,50.01953720121901,1.3978919214796626,6.010009450757994e-08,49.99999999999994
10000,100,95.0,34,0.169093823965802,50.25010728424645,5.007322845421742,5.3824235860936416e-08,49.99999999999996
10000,100,99.0,20,1.1195837939516242,250.0033233470806,1.2890634526813296,7.127491800519169e-08,249.99999999999977
10000,100,99.0,24,1.0245390940970245,250.01778383349895,2.9819847441471667,6.522418448657361e-08,249.99999999999977
10000,100,99.0,28,0.9440500769253262,250.09768600609505,6.989459607398312,6.010009450757994e-08,249.99999999999972
10000,100,99.0,34,0.8454691198290099,251.2505364212322,25.036614227108704,5.3824235860936416e-08,249.99999999999972
10000,160,95.0,20,0.139947974243953,80.00041542006761,0.2578126905362659,2.7841764845778e-08,79.99999999999993
10000,160,95.0,24,0.128067386762128,80.00222302736695,0.5963969488294332,2.5478197065067812e-08,79.99999999999993
10000,160,95.0,28,0.1180062596156658,80.01221220428873,1.3978919214796628,2.3476599417023417e-08,79.99999999999994
10000,160,95.0,34,0.1056836399786262,80.15655482914839,5.00732284542174,2.102509213317829e-08,79.99999999999993
10000,200,95.0,20,0.1119583793951624,100.00033233636468,0.2578126905362659,1.7818729501297923e-08,99.99999999999991
10000,200,95.0,24,0.1024539094097024,100.00177843078868,0.5963969488294333,1.6306046121643403e-08,99.99999999999991
10000,200,95.0,28,0.0944050076925326,100.00977003185298,1.3978919214796626,1.5025023626894985e-08,99.99999999999989
10000,200,95.0,34,0.084546911982901,100.12528792507048,5.007322845421742,1.3456058965234104e-08,99.99999999999991
10500,100,95.0,20,0.2132540559907856,50.0006032618155,0.2456146279833705,6.464845170538928e-08,49.99999999999996
10500,100,95.0,24,0.1951503036375284,50.00322642581751,0.5680255201831881,5.9160258037708515e-08,49.99999999999995
10500,100,95.0,28,0.1798190622714907,50.01772141316068,1.3313359322713954,5.4512557376489755e-08,49.99999999999996
10500,100,95.0,34,0.1610417371102876,50.22690740973773,4.768881204891864,4.882016858134822e-08,49.999999999999964
10500,100,99.0,20,1.066270279953928,250.00301630907748,1.2280731399168527,6.464845170538928e-08,249.99999999999972
10500,100,99.0,24,0.9757515181876422,250.0161321290876,2.8401276009159404,5.9160258037708515e-08,249.99999999999977
10500,100,99.0,28,0.8990953113574536,250.0886070658034,6.656679661356977,5.4512557376489755e-08,249.99999999999977
10500,100,99.0,34,0.805208685551438,251.13453704868863,23.844406024459317,4.882016858134822e-08,249.99999999999977
10500,160,95.0,20,0.1332837849942409,80.00037704002068,0.2456146279833705,2.5253301447417693e-08,79.99999999999993
10500,160,95.0,24,0.1219689397734552,80.00201655578168,0.5680255201831881,2.3109475795979884e-08,79.99999999999993
10500,160,95.0,28,0.1123869139196817,80.0110770791429,1.3313359322713956,2.1293967725191312e-08,79.99999999999993
10500,160,95.0,34,0.1006510856939297,80.14201287680737,4.768881204891862,1.9070378352089153e-08,79.99999999999993
10500,200,95.0,20,0.1066270279953928,100.0003016322724,0.2456146279833705,1.616211292634732e-08,99.99999999999991
10500,200,95.0,24,0.0975751518187642,100.00161325194487,0.5680255201831881,1.4790064509427129e-08,99.9999999999999
10500,200,95.0,28,0.0899095311357453,100.00886188415774,1.3313359322713954,1.3628139344122437e-08,99.99999999999991
10500,200,95.0,34,0.0805208685551438,100.11364656202647,4.768881204891864,1.2205042145337056e-08,99.99999999999991
11000,100,95.0,20,0.2035606898093862,50.000550036178886,0.2345291462322361,5.8904890913381576e-08,49.99999999999996
11000,100,95.0,24,0.186279835290368,50.002940097562245,0.5422346359310768,5.3904284699647635e-08,49.99999999999995
11000,100,95.0,28,0.1716454685318774,50.01614750604222,1.2708309668007,4.96694995930413e-08,49.99999999999994
11000,100,95.0,34,0.1537216581507291,50.20678999653985,4.55211618444185,4.448283955449292e-08,49.99999999999996
11000,100,99.0,20,1.0178034490469314,250.00275018089445,1.1726457311611809,5.8904890913381576e-08,249.9999999999998
11000,100,99.0,24,0.9313991764518404,250.01470048781124,2.7111731796553844,5.3904284699647635e-08,249.99999999999977
11000,100,99.0,28,0.8582273426593876,250.0807375302112,6.354154834003502,4.96694995930413e-08,249.99999999999977
11000,100,99.0,34,0.7686082907536455,251.0339499826992,22.760580922209247,4.448283955449292e-08,249.99999999999977
11000,160,95.0,20,0.1272254311308664,80.00034377376402,0.2345291462322362,2.3009723013039675e-08,79.99999999999994
11000,160,95.0,24,0.11642489705648,80.00183759389776,0.5422346359310768,2.1056361210799855e-08,79.99999999999993
11000,160,95.0,28,0.1072784178324234,80.01009318421126,1.2708309668007003,1.940214827853176e-08,79.99999999999994
11000,160,95.0,34,0.0960760363442056,80.12940634846015,4.552116184441849,1.7376109200973795e-08,79.99999999999993
11000,200,95.0,20,0.1017803449046931,100.0002750192239,0.2345291462322361,1.4726222728345394e-08,99.99999999999991
11000,200,95.0,24,0.093139917645184,100.00147008119625,0.5422346359310768,1.3476071174911909e-08,99.9999999999999
11000,200,95.0,28,0.0858227342659387,100.0080747307244,1.2708309668007,1.2417374898260325e-08,99.99999999999989
11000,200,95.0,34,0.0768608290753645,100.10355519039592,4.55211618444185,1.112070988862323e-08,99.99999999999991
11500,100,95.0,20,0.194710225035065,50.00050360099875,0.2244111260478503,5.3894077886723397e-08,49.99999999999996
11500,100,95.0,24,0.1781807120168737,50.00269029695879,0.5186877033260382,4.931885405411993e-08,49.99999999999994
11500,100,95.0,28,0.1641826220739697,50.01477435323423,1.2155877611018069,4.5444305865844955e-08,49.99999999999996
11500,100,95.0,34,0.1470381077963495,50.18923252166034,4.354200398843893,4.069885509333566e-08,49.99999999999996
11500,100,99.0,20,0.9735511251753256,250.0025180049938,1.1220556302392517,5.3894077886723397e-08,249.9999999999998
11500,100,99.0,24,0.8909035600843689,250.013451484794,2.5934385166301914,4.931885405411993e-08,249.99999999999977
11500,100,99.0,28,0.8209131103698488,250.07387176617112,6.077938805509033,4.5444305865844955e-08,249.99999999999977
11500,100,99.0,34,0.7351905389817477,250.9461626083017,21.771001994219464,4.069885509333566e-08,249.99999999999977
11500,160,95.0,20,0.1216938906469156,80.0003147515901,0.2244111260478503,2.1052374174501323e-08,79.99999999999994
11500,160,95.0,24,0.1113629450105461,80.00168146316408,0.5186877033260382,1.92651773648906e-08,79.99999999999993
11500,160,95.0,28,0.1026141387962311,80.009234802021,1.215587761101807,1.7751681978845683e-08,79.99999999999993
11500,160,95.0,34,0.0918988173727184,80.11840650632838,4.354200398843892,1.589799027083424e-08,79.99999999999993
11500,200,95.0,20,0.0973551125175325,100.00025180145036,0.2244111260478503,1.3473519471680847e-08,99.99999999999991
11500,200,95.0,24,0.0890903560084368,100.00134517562032,0.5186877033260382,1.2329713513529985e-08,99.99999999999989
11500,200,95.0,28,0.0820913110369848,100.00738799511224,1.2155877611018069,1.1361076466461237e-08,99.99999999999991
11500,200,95.0,34,0.0735190538981747,100.09475041735844,4.354200398843893,1.0174713773333915e-08,99.99999999999991
12000,100,95.0,20,0.1865972989919374,50.00046284848202,0.2151396347343695,4.9496470836938677e-08,49.999999999999964
12000,100,95.0,24,0.1707565156828373,50.00247106507738,0.4971042284121884,4.5294572560120566e-08,49.99999999999995
12000,100,95.0,28,0.1573416794875543,50.01356921105972,1.16494859520324,4.173617674137496e-08,49.99999999999995
12000,100,95.0,34,0.1409115199715016,50.17381860772989,4.172777693741486,3.737794157009474e-08,49.99999999999996
12000,100,99.0,20,0.9329864949596868,250.00231424241005,1.0756981736718476,4.9496470836938677e-08,249.99999999999977
12000,100,99.0,24,0.8537825784141869,250.0123553253869,2.4855211420609424,4.5294572560120566e-08,249.9999999999998
12000,100,99.0,28,0.7867083974377719,250.0678460552986,5.824742976016201,4.173617674137496e-08,249.99999999999972
12000,100,99.0,34,0.7045575998575083,250.86909303864945,20.86388846870743,3.737794157009474e-08,249.99999999999977
12000,160,95.0,20,0.1166233118699608,80.0002892811171,0.2151396347343695,1.933455892067917e-08,79.99999999999991
12000,160,95.0,24,0.1067228223017733,80.00154443892878,0.4971042284121883,1.7693192406297098e-08,79.99999999999993
12000,160,95.0,28,0.0983385496797215,80.00848145808953,1.1649485952032406,1.63031940395996e-08,79.99999999999994
12000,160,95.0,34,0.0880696999821885,80.10875154239628,4.1727776937414855,1.4600758425818254e-08,79.99999999999994
12000,200,95.0,20,0.0932986494959687,100.00023142504432,0.2151396347343695,1.2374117709234667e-08,99.99999999999991
12000,200,95.0,24,0.0853782578414186,100.00123555543644,0.4971042284121884,1.1323643140030142e-08,99.9999999999999
12000,200,95.0,28,0.0786708397437771,100.00678529594605,1.16494859520324,1.043404418534374e-08,99.9999999999999
12000,200,95.0,34,0.0704557599857508,100.08702250382598,4.172777693741486,9.344485392523684e-09,99.99999999999991
12500,100,95.0,20,0.1791334070322599,50.000426887862375,0.2066130888272852,4.5615947523322686e-08,49.999999999999964
12500,100,95.0,24,0.1639262550555239,50.00227761035126,0.4772485962665849,4.1743478071407126e-08,49.999999999999964
12500,100,95.0,28,0.1510480123080522,50.01250574897507,1.1183609843289608,3.8464060484851174e-08,49.99999999999995
12500,100,95.0,34,0.1352750591726416,50.160213173787234,4.005868899475163,3.4447510950999314e-08,49.99999999999996
12500,100,99.0,20,0.8956670351612995,250.00213443931187,1.0330654441364262,4.5615947523322686e-08,249.9999999999998
12500,100,99.0,24,0.8196312752776195,250.01138805175623,2.386242981332924,4.1743478071407126e-08,249.99999999999977
12500,100,99.0,28,0.755240061540261,250.06252874487532,5.591804921644804,3.8464060484851174e-08,249.99999999999977
12500,100,99.0,34,0.676375295863208,250.80106586893615,20.029344497375817,3.4447510950999314e-08,249.99999999999977
12500,160,95.0,20,0.1119583793951624,80.00026680560798,0.2066130888272852,1.7818729501297923e-08,79.99999999999993
12500,160,95.0,24,0.1024539094097024,80.00142352622625,0.4772485962665848,1.6306046121643406e-08,79.99999999999993
12500,160,95.0,28,0.0944050076925326,80.00781668869148,1.1183609843289608,1.5025023626894988e-08,79.99999999999993
12500,160,95.0,34,0.084546911982901,80.10023087132629,4.005868899475163,1.3456058965234104e-08,79.99999999999993
12500,200,95.0,20,0.0895667035161299,100.00021344461452,0.2066130888272852,1.1403986880830672e-08,99.99999999999991
12500,200,95.0,24,0.0819631275277619,100.00113882462853,0.4772485962665849,1.0435869517851782e-08,99.99999999999991
12500,200,95.0,28,0.0755240061540261,100.00625346092738,1.1183609843289608,9.616015121212792e-09,99.9999999999999
12500,200,95.0,34,0.0676375295863208,100.08020276578064,4.005868899475163,8.611877737749827e-09,99.99999999999991
13000,100,95.0,20,0.1722436606079422,50.00039499630896,0.1987455330873977,4.217450769537968e-08,49.99999999999996
13000,100,95.0,24,0.1576213990918498,50.00210604453046,0.458921440415968,3.85941920038897e-08,49.99999999999996
13000,100,95.0,28,0.1452384733731271,50.01156259932981,1.0753574413607816,3.556218609915972e-08,49.99999999999994
13000,100,95.0,34,0.1300721722813861,50.148144114309886,3.851799334025376,3.1848660272743445e-08,49.99999999999995
13000,100,99.0,20,0.8612183030397109,250.0019749815448,0.9937276654369884,4.217450769537968e-08,249.99999999999972
13000,100,99.0,24,0.7881069954592493,250.01053022265225,2.29460720207984,3.85941920038897e-08,249.99999999999977
13000,100,99.0,28,0.7261923668656355,250.0578129966491,5.376787206803908,3.556218609915972e-08,249.99999999999972
13000,100,99.0,34,0.6503608614069307,250.74072057154947,19.258996670126884,3.1848660272743445e-08,249.99999999999977
13000,160,95.0,20,0.1076522878799638,80.00024687328727,0.1987455330873977,1.647441706850769e-08,79.99999999999991
13000,160,95.0,24,0.0985133744324061,80.00131629472394,0.4589214404159679,1.5075856251519415e-08,79.99999999999993
13000,160,95.0,28,0.0907740458582044,80.00722713372011,1.0753574413607818,1.3891478944984271e-08,79.99999999999993
13000,160,95.0,34,0.0812951076758663,80.09267356075453,3.851799334025376,1.2440882919040403e-08,79.99999999999994
13000,200,95.0,20,0.0861218303039711,100.00019749873952,0.1987455330873977,1.054362692384492e-08,99.99999999999991
13000,200,95.0,24,0.0788106995459249,100.00105303889784,0.458921440415968,9.648548000972426e-09,99.99999999999991
13000,200,95.0,28,0.0726192366865635,100.00578180098722,1.0753574413607816,8.89054652478993e-09,99.99999999999989
13000,200,95.0,34,0.065036086140693,100.07415429624965,3.851799334025376,7.962165068185861e-09,99.9999999999999
13500,100,95.0,20,0.165864265770611,50.00036658231794,0.1914637463850185,3.910832263659351e-08,49.99999999999996
13500,100,95.0,24,0.1517835694958554,50.00195318577539,0.4419529301608952,3.5788304245033536e-08,49.99999999999996
13500,100,95.0,28,0.1398592706556038,50.01072227578732,1.0355397365313586,3.2976732240098734e-08,49.99999999999996
13500,100,95.0,34,0.1252546844191125,50.137388618327805,3.7091424164125097,2.9533188401062505e-08,49.99999999999996
13500,100,99.0,20,0.829321328853055,250.0018329115896,0.9573187319250924,3.910832263659351e-08,249.99999999999972
13500,100,99.0,24,0.7589178474792773,250.00976592887696,2.2097646508044764,3.5788304245033536e-08,249.9999999999998
13500,100,99.0,28,0.6992963532780194,250.0536113789366,5.177698682656793,3.2976732240098734e-08,249.99999999999977
13500,100,99.0,34,0.6262734220955629,250.68694309163905,18.545712082062547,2.9533188401062505e-08,249.99999999999977
13500,160,95.0,20,0.1036651661066318,80.00022911446047,0.1914637463850185,1.527668852991934e-08,79.99999999999991
13500,160,95.0,24,0.0948647309349096,80.00122075563888,0.4419529301608952,1.3979806345716226e-08,79.99999999999993
13500,160,95.0,28,0.0874120441597524,80.0067018601937,1.0355397365313586,1.2881536031288572e-08,79.99999999999991
13500,160,95.0,34,0.0782841777619453,80.08593969895851,3.709142416412509,1.153640171916504e-08,79.99999999999993
13500,200,95.0,20,0.0829321328853055,100.00018329166284,0.1914637463850185,9.777080659148378e-09,99.99999999999991
13500,200,95.0,24,0.0758917847479277,100.00097660719352,0.4419529301608952,8.947076061258382e-09,99.99999999999991
13500,200,95.0,28,0.0699296353278019,100.00536156899749,1.0355397365313586,8.244183060024683e-09,99.99999999999991
13500,200,95.0,34,0.0626273422095562,100.06876504416957,3.7091424164125097,7.383297100265626e-09,99.99999999999991
14000,100,95.0,20,0.1599405419930892,50.00034115808719,0.1847049677518432,3.636475408428148e-08,49.999999999999964
14000,100,95.0,24,0.1463627277281463,50.00181641006528,0.4261974963304151,3.3277645146211034e-08,49.99999999999995
14000,100,95.0,28,0.134864296703618,50.00997035706892,0.9985665300401104,3.0663313524275495e-08,49.99999999999995
14000,100,95.0,34,0.1207813028327157,50.12776283310333,3.576675362939751,2.7461344827008378e-08,49.99999999999996
14000,100,99.0,20,0.799702709965446,250.00170579043592,0.923524838759216,3.636475408428148e-08,249.9999999999998
14000,100,99.0,24,0.7318136386407317,250.00908205032644,2.130987481652076,3.3277645146211034e-08,249.9999999999998
14000,100,99.0,28,0.6743214835180902,250.04985178534457,4.992832650200552,3.0663313524275495e-08,249.99999999999972
14000,100,99.0,34,0.6039065141635784,250.63881416551655,17.88337681469875,2.7461344827008378e-08,249.9999999999997
14000,160,95.0,20,0.0999628387456807,80.00021322424773,0.1847049677518432,1.4204982064172452e-08,79.99999999999993
14000,160,95.0,24,0.0914767048300914,80.00113526885646,0.4261974963304151,1.2999080135238683e-08,79.99999999999993
14000,160,95.0,28,0.0842901854397613,80.00623185174331,0.9985665300401106,1.1977856845420114e-08,79.99999999999994
14000,160,95.0,34,0.0754883142704473,80.07991387765003,3.5766753629397496,1.0727087823050146e-08,79.99999999999993
14000,200,95.0,20,0.0799702709965446,100.00017057948,0.1847049677518432,9.091188521070369e-09,99.99999999999991
14000,200,95.0,24,0.0731813638640731,100.000908217405,0.4261974963304151,8.319411286552757e-09,99.9999999999999
14000,200,95.0,28,0.067432148351809,100.00498555129587,0.9985665300401104,7.665828381068872e-09,99.9999999999999
14000,200,95.0,34,0.0603906514163578,100.06394258998516,3.576675362939751,6.865336206752094e-09,99.99999999999991
14500,100,95.0,20,0.1544253508898792,50.000318318440456,0.1784150929048506,3.3900079907344434e-08,49.99999999999996
14500,100,95.0,24,0.1413157371168309,50.00169353783322,0.4115296482599149,3.102220427423239e-08,49.99999999999996
14500,100,95.0,28,0.1302138037138381,50.00929486416415,0.9641435634382604,2.8585062786007106e-08,49.99999999999995
14500,100,95.0,34,0.1166164303212427,50.11911396987984,3.4533440497305365,2.5600112181182598e-08,49.99999999999995
14500,100,99.0,20,0.772126754449396,250.00159159220223,0.8920754645242531,3.3900079907344434e-08,249.9999999999998
14500,100,99.0,24,0.7065786855841546,250.00846768916608,2.0576482412995745,3.102220427423239e-08,249.99999999999977
14500,100,99.0,28,0.6510690185691905,250.0464743208208,4.820717817191302,2.8585062786007106e-08,249.9999999999998
14500,100,99.0,34,0.5830821516062137,250.59556984939923,17.266720248652682,2.5600112181182598e-08,249.99999999999977
14500,160,95.0,20,0.0965158443061745,80.00019894941114,0.1784150929048506,1.3242218713806421e-08,79.99999999999993
14500,160,95.0,24,0.0883223356980193,80.0010584720689,0.4115296482599148,1.2118048544622028e-08,79.99999999999993
14500,160,95.0,28,0.0813836273211488,80.00580961912021,0.9641435634382606,1.1166040150784028e-08,79.99999999999993
14500,160,95.0,34,0.0728852689507767,80.07450021777095,3.453344049730536,1.000004382077445e-08,79.99999999999993
14500,200,95.0,20,0.0772126754449396,100.00015915960014,0.1784150929048506,8.475019976836108e-09,99.99999999999991
14500,200,95.0,24,0.0706578685584154,100.00084677967172,0.4115296482599149,7.755551068558098e-09,99.99999999999991
14500,200,95.0,28,0.065106901856919,100.00464775604632,0.9641435634382604,7.1462656965017765e-09,99.9999999999999
14500,200,95.0,34,0.0583082151606213,100.0596101587738,3.4533440497305365,6.4000280452956486e-09,99.9999999999999
15000,100,95.0,20,0.1492778391935499,50.00029772458443,0.1725472314654225,3.1677741335640744e-08,49.999999999999964
15000,100,95.0,24,0.1366052125462699,50.00158274659697,0.3978406273733965,2.8988526438477163e-08,49.99999999999996
15000,100,95.0,28,0.1258733435900434,50.00868578032406,0.9320158127368688,2.6711153114479973e-08,49.99999999999994
15000,100,95.0,34,0.1127292159772013,50.111314214117264,3.3382349027585128,2.3921882604860632e-08,49.99999999999996
15000,100,99.0,20,0.7463891959677494,250.00148862292207,0.8627361573271126,3.1677741335640744e-08,249.99999999999977
15000,100,99.0,24,0.6830260627313495,250.0079137329849,1.9892031368669825,2.8988526438477163e-08,249.99999999999977
15000,100,99.0,28,0.6293667179502175,250.0434289016203,4.660079063684344,2.6711153114479973e-08,249.99999999999972
15000,100,99.0,34,0.5636460798860066,250.5565710705863,16.69117451379256,2.3921882604860632e-08,249.99999999999972
15000,160,95.0,20,0.0932986494959686,80.0001860782028,0.1725472314654225,1.2374117709234667e-08,79.99999999999991
15000,160,95.0,24,0.0853782578414186,80.00098922616381,0.3978406273733963,1.1323643140030142e-08,79.99999999999993
15000,160,95.0,28,0.0786708397437772,80.0054289000139,0.9320158127368688,1.043404418534374e-08,79.99999999999993
15000,160,95.0,34,0.0704557599857508,80.0696185345352,3.338234902758512,9.344485392523682e-09,79.99999999999993
15000,200,95.0,20,0.0746389195967749,100.00014886262456,0.1725472314654225,7.919435333910186e-09,99.99999999999991
15000,200,95.0,24,0.0683026062731349,100.00079138269244,0.3978406273733965,7.247131609619291e-09,99.99999999999991
15000,200,95.0,28,0.0629366717950217,100.0043431730601,0.9320158127368688,6.677788278619992e-09,99.99999999999989
15000,200,95.0,34,0.0563646079886006,100.0557035469042,3.3382349027585128,5.980470651215157e-09,99.99999999999991
15500,100,95.0,20,0.144462425026016,50.00027909147275,0.1670605434263753,2.966697939862297e-08,49.999999999999964
15500,100,95.0,24,0.1321985927867128,50.001482502989695,0.3850357084595067,2.714846388619089e-08,49.99999999999996
15500,100,95.0,28,0.121812913151655,50.00813467761648,0.9019611602681492,2.5015648078076983e-08,49.99999999999996
15500,100,95.0,34,0.1090927896553561,50.1042559839099,3.230552228516855,2.2403428037850752e-08,49.99999999999996
15500,100,99.0,20,0.7223121251300803,250.0013954573637,0.8353027171318765,2.966697939862297e-08,249.9999999999998
15500,100,99.0,24,0.6609929639335641,250.00741251494847,1.925178542297534,2.714846388619089e-08,249.9999999999998
15500,100,99.0,28,0.6090645657582751,250.0406733880824,4.509805801340747,2.5015648078076983e-08,249.9999999999998
15500,100,99.0,34,0.5454639482767806,250.52127991954947,16.152761142584275,2.2403428037850752e-08,249.99999999999977
15500,160,95.0,20,0.09028901564126,80.00017443246708,0.1670605434263753,1.1588663827587098e-08,79.99999999999993
15500,160,95.0,24,0.0826241204916955,80.00092657273902,0.3850357084595067,1.0604868705543317e-08,79.99999999999994
15500,160,95.0,28,0.0761330707197844,80.00508442552025,0.9019611602681494,9.77173753049882e-09,79.99999999999994
15500,160,95.0,34,0.0681829935345975,80.06520135302955,3.230552228516854,8.751339077285447e-09,79.99999999999993
15500,200,95.0,20,0.072231212513008,100.00013954602842,0.1670605434263753,7.41674484965574e-09,99.99999999999991
15500,200,95.0,24,0.0660992963933564,100.00074125973654,0.3850357084595067,6.787115971547723e-09,99.99999999999991
15500,200,95.0,28,0.0609064565758275,100.00406758694676,0.9019611602681492,6.253912019519245e-09,99.99999999999991
15500,200,95.0,34,0.054546394827678,100.05216873062352,3.230552228516855,5.600857009462687e-09,99.99999999999991
16000,100,95.0,20,0.139947974243953,50.00026217788957,0.1619192937814231,2.7841764845778e-08,49.99999999999995
16000,100,95.0,24,0.128067386762128,50.00139150941912,0.3730320069583117,2.5478197065067825e-08,49.99999999999995
16000,100,95.0,28,0.1180062596156657,50.00763442384055,0.8737852530727888,2.3476599417023417e-08,49.99999999999995
16000,100,95.0,34,0.1056836399786262,50.09784820606601,3.12959979518709,2.1025092133178293e-08,49.99999999999996
16000,100,99.0,20,0.6997398712197652,250.00131088944784,0.8095964689071158,2.7841764845778e-08,249.9999999999998
16000,100,99.0,24,0.6403369338106402,250.0069575470956,1.865160034791559,2.5478197065067825e-08,249.99999999999977
16000,100,99.0,28,0.5900312980783289,250.03817211920276,4.368926265363943,2.3476599417023417e-08,249.99999999999972
16000,100,99.0,34,0.5284181998931312,250.48924103033,15.647998975935453,2.1025092133178293e-08,249.99999999999972
16000,160,95.0,20,0.0874674839024706,80.00016386144273,0.1619192937814231,1.0875689392882033e-08,79.99999999999993
16000,160,95.0,24,0.08004211672633,80.00086970076141,0.3730320069583117,9.952420728542116e-09,79.99999999999993
16000,160,95.0,28,0.0737539122597911,80.00477173686878,0.8737852530727889,9.170546647274774e-09,79.99999999999993
16000,160,95.0,34,0.0660522749866414,80.06119156543966,3.12959979518709,8.212926614522769e-09,79.99999999999994
16000,200,95.0,20,0.0699739871219765,100.00013108920248,0.1619192937814231,6.9604412114445e-09,99.9999999999999
16000,200,95.0,24,0.064033693381064,100.00069576197056,0.3730320069583117,6.3695492662669555e-09,99.9999999999999
16000,200,95.0,28,0.0590031298078328,100.00381743047846,0.8737852530727888,5.869149854255854e-09,99.9999999999999
16000,200,95.0,34,0.0528418199893131,100.04895998898748,3.12959979518709,5.2562730332945724e-09,99.99999999999991
16500,100,95.0,20,0.1357071265395908,50.00024677860394,0.1570920790401938,2.6179951517058466e-08,49.999999999999964
16500,100,95.0,24,0.1241865568602453,50.00130866186485,0.3617566849232028,2.395745986651005e-08,49.99999999999995
16500,100,95.0,28,0.1144303123545849,50.007178950629765,0.8473172961259364,2.2075333152462788e-08,49.99999999999995
16500,100,95.0,34,0.1024811054338193,50.092013367745245,3.03476576268632,1.9770150913107955e-08,49.99999999999996
16500,100,99.0,20,0.6785356326979541,250.00123389301967,0.7854603952009693,2.6179951517058466e-08,249.99999999999983
16500,100,99.0,24,0.6209327843012269,250.00654330932437,1.8087834246160144,2.395745986651005e-08,249.99999999999983
16500,100,99.0,28,0.572151561772925,250.03589475314888,4.236586480629683,2.2075333152462788e-08,249.9999999999998
16500,100,99.0,34,0.5124055271690968,250.4600668387262,15.173828813431596,1.9770150913107955e-08,249.99999999999972
16500,160,95.0,20,0.0848169540872442,80.00015423685937,0.1570920790401938,1.0226543561350965e-08,79.99999999999993
16500,160,95.0,24,0.0776165980376533,80.00081792018801,0.3617566849232029,9.358382760355488e-09,79.99999999999994
16500,160,95.0,28,0.0715189452216156,80.00448704041733,0.8473172961259365,8.623177012680777e-09,79.99999999999994
16500,160,95.0,34,0.0640506908961371,80.05754057697727,3.034765762686319,7.722715200432793e-09,79.99999999999993
16500,200,95.0,20,0.0678535632697954,100.00012338953027,0.1570920790401938,6.5449878792646156e-09,99.99999999999991
16500,200,95.0,24,0.0620932784301226,100.00065433735456,0.3617566849232028,5.989364966627513e-09,99.9999999999999
16500,200,95.0,28,0.0572151561772924,100.00358966857289,0.8473172961259364,5.518833288115697e-09,99.9999999999999
16500,200,95.0,34,0.0512405527169096,100.04603841849188,3.03476576268632,4.942537728276989e-09,99.99999999999991
17000,100,95.0,20,0.1317157404648969,50.000232718114816,0.1525511902405942,2.4662601385879477e-08,49.99999999999996
17000,100,95.0,24,0.1205340110702381,50.00123301623282,0.3511454735777608,2.256892196767253e-08,49.99999999999996
17000,100,95.0,28,0.1110647149323913,50.00676306856778,0.8224065879350771,2.0795880452449807e-08,49.99999999999995
17000,100,95.0,34,0.0994669552740011,50.08668516445411,2.9455102721178683,1.8624303066067964e-08,49.99999999999996
17000,100,99.0,20,0.6585787023244848,250.00116359057404,0.7627559512029709,2.4662601385879477e-08,249.99999999999972
17000,100,99.0,24,0.6026700553511908,250.00616508116408,1.755727367888804,2.256892196767253e-08,249.9999999999998
17000,100,99.0,28,0.5553235746619566,250.0338153428389,4.112032939675386,2.0795880452449807e-08,249.99999999999972
17000,100,99.0,34,0.4973347763700058,250.4334258222705,14.72755136058934,1.8624303066067964e-08,249.99999999999977
17000,160,95.0,20,0.0823223377905606,80.00014544902797,0.1525511902405942,9.633828666359169e-09,79.99999999999991
17000,160,95.0,24,0.0753337569188988,80.00077064093573,0.3511454735777607,8.815985143622082e-09,79.99999999999994
17000,160,95.0,28,0.0694154468327445,80.00422709204724,0.8224065879350771,8.123390801738207e-09,79.99999999999991
17000,160,95.0,34,0.0621668470462507,80.05420682739378,2.9455102721178674,7.275118385182796e-09,79.99999999999994
17000,200,95.0,20,0.0658578702324484,100.00011635926045,0.1525511902405942,6.165650346469868e-09,99.99999999999991
17000,200,95.0,24,0.060267005535119,100.00061651381756,0.3511454735777608,5.642230491918133e-09,99.99999999999991
17000,200,95.0,28,0.0555323574661956,100.00338170579964,0.8224065879350771,5.198970113112452e-09,99.9999999999999
17000,200,95.0,34,0.0497334776370005,100.04337074870644,2.9455102721178683,4.656075766516991e-09,99.99999999999991
17500,100,95.0,20,0.1279524335944713,50.000219845629005,0.1482720851590559,2.3273442613940142e-08,49.99999999999995
17500,100,95.0,24,0.117090182182517,50.00116376133982,0.3411414491485855,2.1297692893575063e-08,49.99999999999996
17500,100,95.0,28,0.1078914373628944,50.00638231873216,0.7989196500354111,1.9624520655536312e-08,49.99999999999995
17500,100,95.0,34,0.0966250422661725,50.08180661045847,2.861355162744679,1.7575260689285363e-08,49.99999999999996
17500,100,99.0,20,0.6397621679723567,250.00109922814505,0.7413604257952798,2.3273442613940142e-08,249.99999999999977
17500,100,99.0,24,0.5854509109125853,250.00581880669907,1.7057072457429274,2.1297692893575063e-08,249.99999999999977
17500,100,99.0,28,0.5394571868144722,250.0319115936608,3.994598250177056,1.9624520655536312e-08,249.99999999999977
17500,100,99.0,34,0.4831252113308628,250.4090330522923,14.306775813723393,1.7575260689285363e-08,249.9999999999997
17500,160,95.0,20,0.0799702709965445,80.00013740370215,0.148272085159056,9.091188521070369e-09,79.99999999999991
17500,160,95.0,24,0.0731813638640731,80.00072735599542,0.3411414491485854,8.319411286552757e-09,79.99999999999991
17500,160,95.0,28,0.067432148351809,80.00398910433906,0.7989196500354112,7.665828381068872e-09,79.99999999999993
17500,160,95.0,34,0.0603906514163578,80.05115460358678,2.861355162744678,6.865336206752093e-09,79.99999999999991
17500,200,95.0,20,0.0639762167972356,100.00010992299566,0.1482720851590559,5.818360653485035e-09,99.9999999999999
17500,200,95.0,24,0.0585450910912585,100.0005818857486,0.3411414491485855,5.324423223393765e-09,99.99999999999991
17500,200,95.0,28,0.0539457186814472,100.0031913121136,0.7989196500354111,4.906130163884077e-09,99.9999999999999
17500,200,95.0,34,0.0483125211330862,100.04092839117072,2.861355162744679,4.393815172321341e-09,99.99999999999991
18000,100,95.0,20,0.1243981993279582,50.000208031001485,0.1442329484857406,2.1998431483083852e-08,49.99999999999996
18000,100,95.0,24,0.1138376771218915,50.0011001970764,0.3316940127259881,2.0130921137831363e-08,49.99999999999996
18000,100,95.0,28,0.1048944529917029,50.00603285268852,0.7767378349026723,1.8549411885055536e-08,49.99999999999994
18000,100,95.0,34,0.0939410133143344,50.07732851058154,2.7818754028004795,1.6612418475597662e-08,49.99999999999996
18000,100,99.0,20,0.6219909966397912,250.00104015500736,0.7211647424287033,2.1998431483083852e-08,249.99999999999972
18000,100,99.0,24,0.569188385609458,250.005500985382,1.6584700636299403,2.0130921137831363e-08,249.9999999999998
18000,100,99.0,28,0.5244722649585145,250.03016426344263,3.883689174513362,1.8549411885055536e-08,249.99999999999972
18000,100,99.0,34,0.4697050665716721,250.3866425529077,13.909377014002397,1.6612418475597662e-08,249.99999999999977
18000,160,95.0,20,0.0777488745799739,80.0001300195407,0.1442329484857406,8.593137298079631e-09,79.99999999999993
18000,160,95.0,24,0.0711485482011822,80.00068762778274,0.331694012725988,7.863641069465375e-09,79.99999999999994
18000,160,95.0,28,0.0655590331198143,80.00377067153872,0.7767378349026726,7.245864017599819e-09,79.99999999999993
18000,160,95.0,34,0.058713133321459,80.04835307960244,2.7818754028004795,6.489225967030334e-09,79.99999999999994
18000,200,95.0,20,0.0621990996639791,100.00010401566296,0.1442329484857406,5.499607870770962e-09,99.99999999999991
18000,200,95.0,24,0.0569188385609457,100.00055010307725,0.3316940127259881,5.032730284457841e-09,99.99999999999991
18000,200,95.0,28,0.0524472264958514,100.00301656282248,0.7767378349026723,4.637352971263884e-09,99.99999999999989
18000,200,95.0,34,0.0469705066571672,100.03868667049107,2.7818754028004795,4.1531046188994155e-09,99.99999999999991
18500,100,95.0,20,0.121036085832608,50.00019716143318,0.1404143233226842,2.08253960570319e-08,49.99999999999996
18500,100,95.0,24,0.1107609831456242,50.00104171664336,0.3227580355526784,1.9057468074966724e-08,49.99999999999996
18500,100,95.0,28,0.1020594677757109,50.00571133487036,0.7557553217719749,1.7560290579278288e-08,49.99999999999995
18500,100,95.0,34,0.0914020670085416,50.07320821652144,2.706691909899137,1.5726584619703845e-08,49.999999999999964
18500,100,99.0,20,0.6051804291630402,250.00098580716588,0.7020716166134213,2.08253960570319e-08,249.99999999999977
18500,100,99.0,24,0.5538049157281212,250.0052085832168,1.6137901777633925,1.9057468074966724e-08,249.99999999999977
18500,100,99.0,28,0.5102973388785547,250.0285566743518,3.778776608859874,1.7560290579278288e-08,249.99999999999972
18500,100,99.0,34,0.457010335042708,250.3660410826072,13.533459549495683,1.5726584619703845e-08,249.9999999999998
18500,160,95.0,20,0.07564755364538,80.00012322604374,0.1404143233226842,8.134920334778087e-09,79.99999999999993
18500,160,95.0,24,0.0692256144660151,80.000651077035,0.3227580355526784,7.444323466783877e-09,79.99999999999993
18500,160,95.0,28,0.0637871673598193,80.00356970852224,0.7557553217719751,6.8594885075305834e-09,79.99999999999994
18500,160,95.0,34,0.0571262918803385,80.04577553559653,2.7066919098991367,6.143197117071815e-09,79.99999999999994
18500,200,95.0,20,0.060518042916304,100.0000985808623,0.1404143233226842,5.206349014257975e-09,99.99999999999991
18500,200,95.0,24,0.0553804915728121,100.000520862391,0.3227580355526784,4.764367018741681e-09,99.99999999999991
18500,200,95.0,28,0.0510297338878554,100.00285578975416,0.7557553217719749,4.390072644819572e-09,99.9999999999999
18500,200,95.0,34,0.0457010335042708,100.0366241988158,2.706691909899137,3.931646154925961e-09,99.99999999999991
19000,100,95.0,20,0.1178509256791183,50.000187138768936,0.1367988008664453,1.9743744599776088e-08,49.99999999999996
19000,100,95.0,24,0.1078462204312657,50.00098779201653,0.3142931392668707,1.806764113201485e-08,49.99999999999996
19000,100,95.0,28,0.099373692307929,50.00541486269631,0.7358774289063157,1.6648225625368406e-08,49.99999999999995
19000,100,95.0,34,0.0889967494556852,50.069408608734086,2.635465505063584,1.4909760626298178e-08,49.99999999999996
19000,100,99.0,20,0.5892546283955917,250.00093569384464,0.6839940043322265,1.9743744599776088e-08,249.99999999999977
19000,100,99.0,24,0.5392311021563285,250.00493896008263,1.5714656963343536,1.806764113201485e-08,249.99999999999972
19000,100,99.0,28,0.4968684615396454,250.0270743134816,3.6793871445315776,1.6648225625368406e-08,249.99999999999977
19000,100,99.0,34,0.4449837472784262,250.3470430436704,13.177327525317914,1.4909760626298178e-08,249.99999999999972
19000,160,95.0,20,0.0736568285494489,80.0001169618639,0.1367988008664453,7.712400234287535e-09,79.99999999999991
19000,160,95.0,24,0.067403887769541,80.00061737372643,0.3142931392668706,7.057672317193301e-09,79.99999999999991
19000,160,95.0,28,0.0621085576924556,80.0033844008512,0.7358774289063157,6.5032131349095345e-09,79.99999999999993
19000,160,95.0,34,0.0556229684098032,80.04339871862244,2.635465505063583,5.8241252446477245e-09,79.99999999999993
19000,200,95.0,20,0.0589254628395591,100.00009356951574,0.1367988008664453,4.935936149944022e-09,99.99999999999991
19000,200,95.0,24,0.0539231102156328,100.00049389966718,0.3142931392668707,4.516910283003713e-09,99.99999999999991
19000,200,95.0,28,0.0496868461539645,100.00270754129788,0.7358774289063157,4.162056406342101e-09,99.9999999999999
19000,200,95.0,34,0.0444983747278426,100.03472236392903,2.635465505063584,3.7274401565745446e-09,99.99999999999991
19500,100,95.0,20,0.1148291070719614,50.000177877274,0.1333707578318839,1.8744225642390973e-08,49.99999999999996
19500,100,95.0,24,0.1050809327278999,50.00093796198606,0.3062630868772185,1.715297422395098e-08,49.99999999999995
19500,100,95.0,28,0.096825648915418,50.00514090083532,0.7170191855160759,1.580541604407099e-08,49.99999999999995
19500,100,95.0,34,0.086714781520924,50.06589725831949,2.5678917969041413,1.4154960121219306e-08,49.99999999999996
19500,100,99.0,20,0.5741455353598073,250.00088938637,0.6668537891594197,1.8744225642390973e-08,249.99999999999977
19500,100,99.0,24,0.5254046636394997,250.0046898099304,1.531315434386093,1.715297422395098e-08,249.99999999999983
19500,100,99.0,28,0.4841282445770903,250.0257045041766,3.58509592758038,1.580541604407099e-08,249.99999999999977
19500,100,99.0,34,0.4335739076046204,250.32948629159748,12.839458984520707,1.4154960121219306e-08,249.9999999999998
19500,160,95.0,20,0.0717681919199759,80.0001111734167,0.1333707578318839,7.321963141558973e-09,79.99999999999993
19500,160,95.0,24,0.0656755829549374,80.00058622959195,0.3062630868772186,6.700380556230851e-09,79.99999999999996
19500,160,95.0,28,0.0605160305721363,80.00321316367479,0.7170191855160761,6.173990642215231e-09,79.99999999999993
19500,160,95.0,34,0.0541967384505775,80.04120231656067,2.5678917969041413,5.52928129735129e-09,79.99999999999994
19500,200,95.0,20,0.0574145535359807,100.0000889387556,0.1333707578318839,4.686056410597742e-09,99.99999999999991
19500,200,95.0,24,0.0525404663639499,100.0004689842921,0.3062630868772185,4.288243555987745e-09,99.9999999999999
19500,200,95.0,28,0.048412824457709,100.00257054952328,0.7170191855160759,3.9513540110177484e-09,99.9999999999999
19500,200,95.0,34,0.043357390760462,100.03296490797716,2.5678917969041413,3.538740030304826e-09,99.99999999999991
20000,100,95.0,20,0.1119583793951624,50.00016930179468,0.1301161332623744,1.7818729501297923e-08,49.99999999999996
20000,100,95.0,24,0.1024539094097024,50.00089182226205,0.2986352650915103,1.6306046121643403e-08,49.99999999999996
20000,100,95.0,28,0.0944050076925326,50.0048872268266,0.6991041178905997,1.5025023626894985e-08,49.99999999999994
20000,100,95.0,34,0.084546911982901,50.062645733445024,2.5036968331701046,1.3456058965234104e-08,49.99999999999996
20000,100,99.0,20,0.5597918969758121,250.00084650897335,0.6505806663118721,1.7818729501297923e-08,249.99999999999977
20000,100,99.0,24,0.5122695470485121,250.00445911131024,1.493176325457552,1.6306046121643403e-08,249.99999999999977
20000,100,99.0,28,0.4720250384626631,250.02443613413297,3.495520589452999,1.5025023626894985e-08,249.99999999999972
20000,100,99.0,34,0.4227345599145049,250.31322866722508,12.518484165850522,1.3456058965234104e-08,249.99999999999972
20000,160,95.0,20,0.0699739871219765,80.0001058137308,0.1301161332623744,6.9604412114445e-09,79.99999999999993
20000,160,95.0,24,0.064033693381064,80.00055739194288,0.2986352650915103,6.369549266266954e-09,79.99999999999993
20000,160,95.0,28,0.0590031298078329,80.00305460773133,0.6991041178905999,5.869149854255854e-09,79.99999999999994
20000,160,95.0,34,0.0528418199893131,80.03916852287018,2.503696833170104,5.2562730332945724e-09,79.99999999999993
20000,200,95.0,20,0.0559791896975812,100.00008465100476,0.1301161332623744,4.454682375324481e-09,99.99999999999991
20000,200,95.0,24,0.0512269547048512,100.00044591411348,0.2986352650915103,4.076511530410851e-09,99.99999999999991
20000,200,95.0,28,0.0472025038462663,100.00244370297972,0.6991041178905997,3.756255906723746e-09,99.99999999999989
20000,200,95.0,34,0.0422734559914505,100.03133757894278,2.5036968331701046,3.364014741308526e-09,99.99999999999991
